URL,Last crawled
https://eternallifehospice.com/hospice-calabasas-ca,1969-12-31
https://eternallifehospice.com/hospice-chatsworth-ca,1969-12-31
https://eternallifehospice.com/hospice-encino-ca,1969-12-31
https://eternallifehospice.com/hospice-fillmore-ca,1969-12-31
https://eternallifehospice.com/hospice-hawthorne-ca,1969-12-31
https://eternallifehospice.com/hospice-inglewood-ca,1969-12-31
https://eternallifehospice.com/hospice-lancaster-ca,1969-12-31
https://eternallifehospice.com/hospice-moorpark-ca,1969-12-31
https://eternallifehospice.com/hospice-oxnard-ca,1969-12-31
https://eternallifehospice.com/hospice-pacific-palisades-ca,1969-12-31
https://eternallifehospice.com/hospice-port-hueneme-ca,1969-12-31
https://eternallifehospice.com/hospice-reseda-ca,1969-12-31
https://eternallifehospice.com/hospice-tarzana-ca,1969-12-31
https://eternallifehospice.com/resources/first-48-hours,1969-12-31