Place,Slug,Status,Practical focus,Main overlap before (%),Main overlap after (%),Main decrease (percentage points),Main words before,Main words after,Repeated main words before,Repeated main words after,Including navigation/footer before (%),Including navigation/footer after (%)
Acton,acton,Rewritten,Preparing for Your Assessment,95.51,28.9,66.61,690,1045,659,302,97.12,48.15
Agoura Hills,agoura-hills,Rewritten,Planning for Your Equipment Needs,74.67,24.56,50.11,608,1034,454,254,84.54,45.15
Alhambra,alhambra,Rewritten,Reconciling Clinical Instructions,86.75,17.28,69.47,581,1059,504,183,92.05,39.46
Altadena,altadena,Rewritten,Planning Care Transitions Safely,96.04,26.3,69.74,682,981,655,258,97.48,47.19
Arcadia,arcadia,Rewritten,Coordinating Care in Facilities,81.2,21.02,60.18,569,1037,462,218,88.82,43.02
Arleta,arleta,Rewritten,Managing Medications and Care,98.1,16.81,81.29,683,1041,670,175,98.79,40.1
Artesia,artesia,Rewritten,Initiating Care and Communication Preferences,97.36,27.39,69.97,683,1026,665,281,98.32,47.38
Avalon,avalon,Rewritten,Verifying Logistics and Island Care,88.56,15.47,73.09,682,1144,604,177,92.9,37.47
Azusa,azusa,Rewritten,Planning Equipment and Discharge,97.9,19.06,78.84,667,1102,653,210,98.67,40.13
Baldwin Park,baldwin-park,Rewritten,Steps for Clinical Coordination,97.05,25.75,71.3,677,897,657,231,98.12,48.48
Bell,bell,Rewritten,Beginning Care with Your Values in Mind,97.51,21.23,76.28,682,909,665,193,98.41,45.34
Bell Gardens,bell-gardens,Rewritten,Developing Your Care Strategy,100.0,19.96,80.04,676,927,676,185,100.0,43.57
Bellflower,bellflower,Rewritten,Documenting Care Plan Shifts,95.86,23.72,72.14,677,1037,649,246,97.37,44.56
Beverly Hills,beverly-hills,Rewritten,Establishing Information Boundaries,86.75,15.71,71.04,581,1031,504,162,92.05,39.25
Brandeis,brandeis,Rewritten,Confirming Your Address and Coverage,98.37,18.52,79.85,675,1064,664,197,98.97,40.77
Burbank,burbank,Rewritten,Preparing for Hospice Conversations,97.26,23.49,73.77,584,992,568,233,98.35,45.43
Calabasas,calabasas,Preserved pilot,Beginning hospice care in Calabasas: plan the home evaluation,19.31,19.73,-0.42,1186,1186,229,234,39.26,39.52
Camarillo,camarillo,Rewritten,Establishing Your Communication Plan,80.4,13.65,66.75,556,996,447,136,88.77,38.29
Canoga Park,canoga-park,Rewritten,Aligning Wishes and Clinical Care,89.72,21.57,68.15,574,1006,515,217,93.87,43.47
Canyon Country,canyon-country,Rewritten,Starting Care in Canyon Country,95.12,29.2,65.92,676,1096,643,320,96.9,48.32
Carson,carson,Rewritten,Beginning Care After the Hospital,95.74,19.17,76.57,680,1064,651,204,97.66,41.53
Casitas Springs,casitas-springs,Rewritten,Beginning Care and Logistics,98.34,16.28,82.06,663,1038,652,169,98.95,40.04
Castaic,castaic,Rewritten,Understanding the Role of Hospice Visits,96.36,24.93,71.43,686,1087,661,271,97.67,44.68
Cerritos,cerritos,Rewritten,Coordinating Hospice With Your Facility,98.38,19.47,78.91,681,1099,670,214,98.97,41.43
Chatsworth,chatsworth,Rewritten,The Process of Equipment Assessment,66.34,19.43,46.91,713,1148,473,223,78.2,40.3
City of Industry,city-of-industry,Rewritten,Confirming Residence for Clinical Support,94.98,21.43,73.55,677,1171,643,251,96.81,41.05
Claremont,claremont,Rewritten,Initiating Care Based on Patient Goals,94.37,20.76,73.61,693,1190,654,247,96.58,40.81
Compton,compton,Rewritten,Establishing a Consistent Update Process,98.52,18.16,80.36,675,1162,665,211,99.06,38.84
Conejo Valley,conejo-valley,Rewritten,Preparing for Hospice Services at Home,64.27,23.41,40.86,627,1256,403,294,78.33,41.79
Covina,covina,Rewritten,Preparing for the Clinical Evaluation,98.96,19.83,79.13,674,1296,667,257,99.34,38.66
Culver City,culver-city,Rewritten,Planning for Transitions and Stability,82.53,22.14,60.39,584,1287,482,285,89.51,40.66
Diamond Bar,diamond-bar,Rewritten,Building a Care Plan That Respects Individual Preferences,97.37,30.17,67.2,684,948,666,286,98.6,51.12
Downey,downey,Rewritten,Defining Professional and Household Roles,94.0,21.18,72.82,683,996,642,211,96.17,43.79
Duarte,duarte,Rewritten,Consulting Specialists on Comfort Goals,94.63,20.95,73.68,671,1012,635,212,96.6,43.0
Eagle Rock,eagle-rock,Rewritten,Initiating Care with Respect for Your Home,95.92,27.13,68.79,686,1139,658,309,97.39,45.71
El Monte,el-monte,Rewritten,Gathering Clinical Information for Hospice,100.0,21.4,78.6,669,1159,669,248,100.0,41.11
El Rio,el-rio,Rewritten,Preparing Your Home for Hospice Visits,85.58,24.72,60.86,652,1177,558,291,91.44,43.83
El Segundo,el-segundo,Rewritten,Planning Care Visits and Rest Periods,95.43,20.88,74.55,679,1154,648,241,97.09,40.86
Encino,encino,Rewritten,Coordinating Hospice with Your Encino Facility,69.21,19.53,49.68,721,1203,499,235,79.98,39.22
Fillmore,fillmore,Rewritten,Documenting Care for Better Outcomes,60.43,21.55,38.88,748,1239,452,267,73.94,40.44
Gardena,gardena,Rewritten,Beginning Care Through Clinical Assessment,99.85,25.37,74.48,671,1001,670,254,99.91,46.36
Glendale,glendale,Rewritten,Beginning Care and Entry Coordination,90.75,20.57,70.18,584,1011,530,208,94.44,43.25
Glendora,glendora,Rewritten,Beginning Care With Clear Goals,77.62,20.42,57.2,724,1009,562,206,85.43,43.16
Granada Hills,granada-hills,Rewritten,Preparing Your Home for Hospice Support,83.6,30.94,52.66,567,989,474,306,90.26,50.47
Hacienda Heights,hacienda-heights,Rewritten,Facilitating Clear Communication for Care,99.56,20.82,78.74,679,1004,676,209,99.72,43.39
Harbor City,harbor-city,Rewritten,Establishing Your Communication Path,99.12,23.6,75.52,679,1017,673,240,99.44,44.77
Hawaiian Gardens,hawaiian-gardens,Rewritten,Essential Facts for Your First Call,97.95,25.8,72.15,684,1004,670,259,98.69,46.48
Hawthorne,hawthorne,Rewritten,Coordinating Effective Building Access,69.28,15.9,53.38,713,1019,494,162,80.11,39.66
Hermosa Beach,hermosa-beach,Rewritten,Preparing for Equipment Receipt,95.58,17.39,78.19,679,995,649,173,97.19,40.64
Highland Park,highland-park,Rewritten,Preparing Your Living Space for Care,98.52,24.2,74.32,677,1182,667,286,99.06,42.93
Hollywood,hollywood,Rewritten,Navigating Conversations and Privacy,95.57,24.3,71.27,677,1206,647,293,97.18,42.85
Huntington Park,huntington-park,Rewritten,Building Your Local Support Network,96.91,22.66,74.25,680,1196,659,271,98.03,41.6
Inglewood,inglewood,Rewritten,Transitioning to Hospice Care,67.5,24.04,43.46,723,915,488,220,78.85,47.2
La Cañada Flintridge,la-canada-flintridge,Rewritten,Coordinating Equipment Logistics,76.81,19.76,57.05,720,901,553,178,84.93,44.76
La Crescenta,la-crescenta,Rewritten,Defining Clinical Roles,99.56,12.06,87.5,682,937,679,113,99.72,38.42
La Mirada,la-mirada,Rewritten,Beginning Hospice Care at Home,99.56,26.11,73.45,679,1107,676,289,99.72,45.35
La Puente,la-puente,Rewritten,Beginning Your Care Journey,98.21,24.6,73.61,670,1057,658,260,98.87,45.33
La Verne,la-verne,Rewritten,Beginning Your Journey with Respect,98.7,21.44,77.26,692,1059,683,227,99.17,42.57
Lake Hughes,lake-hughes,Rewritten,Beginning Hospice Care in Remote Locations,96.24,27.14,69.1,558,921,537,250,97.78,49.05
Lakewood,lakewood,Rewritten,Beginning Care When Multiple Teams Are Involved,97.48,15.15,82.33,675,937,658,142,98.4,40.23
Lancaster,lancaster,Rewritten,Beginning Your Journey in Lancaster,67.09,18.56,48.53,714,932,479,173,78.68,43.03
Lawndale,lawndale,Rewritten,Preparing Your Space for Hospice Support,97.92,21.82,76.1,672,1173,658,256,98.68,41.26
Littlerock,littlerock,Rewritten,Planning Your Caregiver Coverage,98.38,20.34,78.04,679,1219,668,248,98.97,39.64
Llano,llano,Rewritten,Verifying Logistics for Your Desert Home,98.36,21.14,77.22,549,1244,540,263,99.04,39.95
Lomita,lomita,Rewritten,Beginning Care and Clinical Oversight,98.37,25.58,72.79,673,1161,662,297,98.96,44.87
Long Beach,long-beach,Rewritten,Planning Your Transfer Questions,91.36,17.26,74.1,590,1159,539,200,94.79,38.91
Lynwood,lynwood,Rewritten,Proactive Care Planning Questions,99.85,14.6,85.25,679,1185,678,173,99.91,36.43
Malibu,malibu,Rewritten,Preparing for Your Home Care Evaluation,80.48,31.71,48.77,589,1047,474,332,88.54,50.45
Manhattan Beach,manhattan-beach,Rewritten,Inviting Family Into the Care Process,90.6,16.51,74.09,564,1096,511,181,94.43,38.34
Maywood,maywood,Rewritten,Determining Eligibility for Respite Support,97.08,18.99,78.09,685,1069,665,203,98.14,40.7
Meiners Oaks,meiners-oaks,Rewritten,Preparing for Your Initial Care Plan Review,98.52,25.6,72.92,676,1047,666,268,99.06,45.78
Mission Hills,mission-hills,Rewritten,Clarifying Roles and Authorized Decisions,88.97,24.61,64.36,580,1093,516,269,93.39,44.36
Monrovia,monrovia,Rewritten,Discussing Changes in Treatment Goals,96.75,29.31,67.44,676,1078,654,316,97.93,48.16
Montebello,montebello,Rewritten,Steps to Secure Documentation,99.1,20.33,78.77,669,974,663,198,99.43,43.32
Monterey Park,monterey-park,Rewritten,Establishing Effective Dialogue,75.31,24.55,50.76,729,994,549,244,83.89,45.8
Montrose,montrose,Rewritten,Updating Your Care Plan,94.12,23.02,71.1,680,1034,640,238,96.44,44.23
Moorpark,moorpark,Rewritten,Managing Transitions and Consistency,83.92,14.02,69.9,572,1113,480,156,90.73,37.18
Newbury Park,newbury-park,Rewritten,Building Your Care Plan,82.94,16.35,66.59,557,1113,462,182,89.95,38.51
Newhall,newhall,Rewritten,Integrating Personal History into Care,96.0,18.36,77.64,675,1133,648,208,97.46,39.25
North Hills,north-hills,Rewritten,Beginning Care and Symptom Observation,87.87,25.65,62.22,569,1115,500,286,92.79,45.04
North Hollywood,north-hollywood,Rewritten,Beginning Care with Site Awareness,84.62,23.51,61.11,585,1106,495,260,90.75,43.98
Northridge,northridge,Rewritten,Beginning Care and Ongoing Adaptation,82.75,20.48,62.27,574,1128,475,231,89.71,40.83
Norwalk,norwalk,Rewritten,Preparing Clinical Documentation,98.22,28.05,70.17,673,1098,661,308,98.87,46.84
Oak Park,oak-park,Rewritten,Establishing Care Expectations,78.62,20.21,58.41,566,1138,445,230,87.32,40.89
Oak View,oak-view,Rewritten,Starting the Conversation,97.64,18.28,79.36,678,1154,662,211,98.5,39.43
Ojai,ojai,Rewritten,Beginning Your Comfort Journey in Ojai,77.05,20.51,56.54,584,1068,450,219,87.04,41.76
Oxnard,oxnard,Rewritten,Organizing Your Caregiving Approach,87.95,19.03,68.92,556,1109,489,211,92.9,40.01
Pacific Palisades,pacific-palisades,Rewritten,Starting Hospice and Managing Logistics,87.13,17.81,69.32,575,1112,501,198,92.32,39.13
Pacoima,pacoima,Rewritten,Planning Caregiver Support and Education,81.87,16.77,65.1,579,1127,474,189,89.14,38.22
Palmdale,palmdale,Rewritten,Managing the Transition Back to Home,80.55,18.68,61.87,581,1124,468,210,88.34,40.34
Palos Verdes Peninsula,palos-verdes-peninsula,Rewritten,Addressing Your Home Location Needs,94.14,15.09,79.05,683,1107,643,167,96.27,38.06
Panorama City,panorama-city,Rewritten,Initiating Support in a Residential Setting,85.17,26.41,58.76,580,996,494,263,91.12,47.04
Paramount,paramount,Rewritten,Transitioning to Hospice Support,97.19,23.36,73.83,677,993,658,232,98.22,45.76
Pasadena,pasadena,Rewritten,Navigating Care Transitions,85.93,23.18,62.75,590,1005,507,233,91.51,45.15
Pico Rivera,pico-rivera,Rewritten,Beginning Hospice Care in Pico Rivera,98.97,25.05,73.92,680,1058,673,265,99.34,45.16
Piru,piru,Rewritten,Establishing a Reliable Contact Point,97.79,19.7,78.09,678,1127,663,222,98.59,40.79
Point Mugu,point-mugu,Rewritten,Planning Your Clinical Visits,93.53,20.11,73.42,556,1134,520,228,96.72,40.87
Pomona,pomona,Rewritten,Documenting Your Goals During Transitions,95.94,23.66,72.28,689,951,661,225,97.4,45.93
Port Hueneme,port-hueneme,Rewritten,Preparing for Enrollment,82.65,18.36,64.29,559,953,462,175,89.76,42.21
Rancho Palos Verdes,rancho-palos-verdes,Rewritten,Practical Preparation for Care,78.78,19.76,59.02,556,997,438,197,87.5,42.31
Redondo Beach,redondo-beach,Rewritten,How We Coordinate Your Hospice Visits,87.36,29.71,57.65,554,1057,484,314,92.57,48.58
Reseda,reseda,Rewritten,Documenting Your Journey Together,94.95,18.6,76.35,555,1075,527,200,97.03,40.19
Rosemead,rosemead,Rewritten,Creating Space for Patient Questions,99.26,17.51,81.75,673,1068,668,187,99.53,39.56
Rowland Heights,rowland-heights,Rewritten,Essential Handoff Preparation,98.07,26.04,72.03,672,964,659,251,98.77,47.26
San Dimas,san-dimas,Rewritten,Managing Mobility Concerns,98.55,23.96,74.59,689,981,679,235,99.07,45.8
San Fernando,san-fernando,Rewritten,Understanding Hospice Election,96.51,22.7,73.81,688,991,664,225,97.77,44.96
San Gabriel,san-gabriel,Rewritten,Beginning Care and Honoring Preferences,98.09,34.25,63.84,681,1016,668,348,98.78,52.64
San Marino,san-marino,Rewritten,Establishing Your Care Structure,87.52,23.88,63.64,569,1030,498,246,92.58,45.35
San Pedro,san-pedro,Rewritten,Confirming Your Residential Care,96.5,26.07,70.43,686,1005,662,262,97.77,47.24
Santa Clarita,santa-clarita,Rewritten,Beginning Hospice Care in Santa Clarita,81.12,27.08,54.04,572,1008,464,273,88.75,47.49
Santa Monica,santa-monica,Rewritten,Coordinating Care and Eligibility,90.46,18.37,72.09,566,1018,512,187,94.34,41.39
Santa Paula,santa-paula,Rewritten,Organizing Your Care Journey,87.86,19.92,67.94,560,1064,492,212,92.83,41.32
Santa Rosa Valley,santa-rosa-valley,Rewritten,Initial Steps and Home Access,71.21,25.11,46.1,733,1091,522,274,81.18,44.83
Saticoy,saticoy,Rewritten,Preparing Your First-Call Questions,93.41,22.96,70.45,683,1089,638,250,96.27,43.67
Sherman Oaks,sherman-oaks,Rewritten,Managing Transitions in Care,81.77,19.37,62.4,576,1110,471,215,89.11,40.25
Sierra Madre,sierra-madre,Rewritten,Preparing for Hospice at Home,96.8,28.78,68.02,687,1091,665,314,97.95,47.87
Signal Hill,signal-hill,Rewritten,The Importance of Accurate Address Verification,94.99,24.72,70.27,679,1072,645,265,96.81,45.55
Silver Lake,silver-lake,Rewritten,Establishing Roles and Expectations,98.66,23.52,75.14,673,1135,664,267,99.15,43.53
Simi Valley,simi-valley,Preserved pilot,"Beginning hospice care: records, evaluation and a shared plan",14.2,14.45,-0.25,1190,1190,169,172,35.99,36.19
Somis,somis,Rewritten,Planning for Equipment and Home Visits,95.27,26.27,69.0,677,1203,645,316,97.0,44.25
South El Monte,south-el-monte,Rewritten,Planning for a Successful Transition,98.67,29.66,69.01,679,1190,670,353,99.16,47.02
South Gate,south-gate,Rewritten,Building a Communication Backup,97.78,30.07,67.71,675,1227,660,369,98.59,46.87
South Pasadena,south-pasadena,Rewritten,Beginning Care and Plan Review,96.92,21.97,74.95,681,1074,660,236,98.04,43.23
Stevenson Ranch,stevenson-ranch,Rewritten,Initiating Care and Harmonizing Services,98.52,23.19,75.33,676,1108,666,257,99.06,43.18
Studio City,studio-city,Rewritten,Beginning Care with Respect for Your Home,82.7,22.22,60.48,578,1143,478,254,89.65,42.19
Sun Valley,sun-valley,Rewritten,Defining Caregiver Roles,84.76,27.33,57.43,571,1043,484,285,90.93,47.03
Sunland,sunland,Rewritten,Evaluating Home-Based Care,96.64,25.07,71.57,685,1037,662,260,97.86,46.04
Sylmar,sylmar,Rewritten,Defining Your Support Team,80.27,26.45,53.82,588,1066,472,282,88.11,46.15
Tarzana,tarzana,Rewritten,Steps to Integrating Care in Tarzana Residences,85.96,23.56,62.4,577,1010,496,238,91.61,44.85
Temple City,temple-city,Rewritten,Starting Hospice Care with Confidence,97.92,17.04,80.88,673,1027,659,175,98.68,40.28
Thousand Oaks,thousand-oaks,Preserved pilot,Beginning hospice care: plan the day and needed support,15.97,17.03,-1.06,1227,1227,196,209,36.16,36.97
Toluca Lake,toluca-lake,Rewritten,Starting Hospice Care in Toluca Lake,85.66,22.17,63.49,537,1051,460,233,91.68,43.15
Torrance,torrance,Rewritten,Initiating Your Referral in Torrance,90.45,23.74,66.71,576,1049,521,249,94.29,44.33
Tujunga,tujunga,Rewritten,Preparing Your Home for Hospice Visits,98.25,16.53,81.72,685,1113,673,184,98.88,38.51
Valencia,valencia,Rewritten,Reconfirming Care During Transitions,78.03,14.25,63.78,578,1074,451,153,86.85,37.48
Valley Village,valley-village,Rewritten,Defining Roles for Supportive Neighbors,98.38,17.03,81.35,679,1157,668,197,98.97,38.25
Van Nuys,van-nuys,Rewritten,Guidance on Social Work and Benefits,93.84,18.74,75.1,568,1110,533,208,96.34,40.39
Ventura,ventura,Preserved pilot,Beginning hospice care in Ventura: plan the discharge setting,17.46,17.62,-0.16,1220,1220,213,215,38.0,38.12
Walnut,walnut,Rewritten,Asking for Care Plan Clarity,98.23,21.13,77.1,677,1169,665,247,98.87,41.36
West Covina,west-covina,Rewritten,Beginning the Evaluation Process,97.33,22.33,75.0,673,1106,655,247,98.3,42.57
West Hills,west-hills,Rewritten,Planning for Changing Needs,86.94,21.53,65.41,582,1175,506,253,92.16,41.2
West Hollywood,west-hollywood,Rewritten,Documenting Your Preferences,78.37,17.74,60.63,578,1144,453,203,87.06,39.49
Westlake Village,westlake-village,Preserved pilot,Beginning hospice care in Westlake Village without an office visit,14.92,15.0,-0.08,1180,1180,176,177,36.99,36.61
Whittier,whittier,Rewritten,Distinguishing Clinical Care from Bereavement Support,95.77,20.31,75.46,686,955,657,194,97.3,43.56
Woodland Hills,woodland-hills,Rewritten,Coordinating Records and Equipment,88.17,24.12,64.05,575,991,507,239,92.94,45.61
